front,back
¿En qué años duró la Primera Guerra Mundial?,1914–1918
¿Qué evento desencadenó la Primera Guerra Mundial?,Asesinato del Archiduque Francisco Fernando
¿Dónde fue asesinado el Archiduque Francisco Fernando?,Sarajevo
¿Qué país representaba el Archiduque Francisco Fernando?,Austria-Hungría
¿Quién asesinó al Archiduque Francisco Fernando?,Gavrilo Princip
¿De qué alianza formaba parte Austria-Hungría?,Potencias Centrales
¿Qué país declaró la guerra a Serbia en 1914?,Austria-Hungría
¿Qué alianza incluía a Gran Bretaña, Francia y Rusia?,Potencias Aliadas
¿Qué eran las Potencias Centrales?,"Alemania, Austria-Hungría, Imperio Otomano, Bulgaria"
¿Qué país invadió Bélgica en 1914?,Alemania
¿Por qué Alemania invadió Bélgica?,Para ejecutar el Plan Schlieffen
¿Qué era el Plan Schlieffen?,Plan alemán para derrotar a Francia rápidamente
¿La neutralidad de qué país fue violada cuando Alemania invadió Bélgica?,Bélgica
¿Por qué Gran Bretaña entró en la Primera Guerra Mundial?,Invasión alemana de Bélgica
¿Qué tipo de guerra dominó el Frente Occidental?,Guerra de trincheras
¿Qué era el Frente Occidental?,Combates en Francia y Bélgica
¿Qué era el Frente Oriental?,Combates entre Alemania y Rusia
¿Qué arma causó muertes masivas en la Primera Guerra Mundial?,Ametralladora
¿Qué nueva arma causó miedo y heridas en la Primera Guerra Mundial?,Gas venenoso
¿Cuál fue el primer gas venenoso ampliamente utilizado?,Gas cloro
¿Qué equipo de protección se desarrolló contra el gas?,Máscaras de gas
¿Para qué se usaron los tanques por primera vez?,Romper los puntos muertos de las trincheras
¿Qué batalla fue una de las más sangrientas de la Primera Guerra Mundial?,Batalla del Somme
¿En qué año fue la Batalla del Somme?,1916
¿Qué batalla simbolizó la guerra de desgaste?,Batalla de Verdún
¿Qué significa desgaste en la guerra?,Agotar al enemigo
¿Qué imperio colapsó después de la Primera Guerra Mundial?,Imperio Otomano
¿Qué imperio colapsó después de la Primera Guerra Mundial en Europa Central?,Austria-Hungría
¿Qué imperio colapsó después de la Primera Guerra Mundial en Europa del Este?,Imperio Ruso
¿Qué revolución hizo que Rusia abandonara la Primera Guerra Mundial?,Revolución Bolchevique
¿Quién lideró la Revolución Bolchevique?,Vladimir Lenin
¿Qué tratado sacó a Rusia de la Primera Guerra Mundial?,Tratado de Brest-Litovsk
¿En qué año Estados Unidos entró en la Primera Guerra Mundial?,1917
¿Qué evento ayudó a empujar a EE.UU. a la Primera Guerra Mundial?,Telegrama Zimmermann
¿Qué era el Telegrama Zimmermann?,Propuesta alemana a México
¿A qué país animó Alemania a México a atacar?,Estados Unidos
¿Qué era la guerra submarina irrestricta?,Atacar barcos sin aviso
¿Qué barcos hundían los submarinos alemanes?,Barcos mercantes y de pasajeros
¿Qué era el Lusitania?,Barco de pasajeros británico hundido por Alemania
¿En qué año se hundió el Lusitania?,1915
¿Por qué fue significativo el hundimiento del Lusitania?,Civiles estadounidenses fueron asesinados
¿Quién era el presidente de EE.UU. durante la Primera Guerra Mundial?,Woodrow Wilson
¿Qué eran los Catorce Puntos de Wilson?,Principios de paz después de la Primera Guerra Mundial
¿Cuál era una idea clave de los Catorce Puntos?,Autodeterminación
¿Qué organización propuso Wilson?,Liga de las Naciones
¿Qué armisticio terminó los combates en la Primera Guerra Mundial?,Armisticio del 11 de noviembre de 1918
¿A qué hora entró en vigor el armisticio?,11 a.m.
¿Qué tratado terminó formalmente la Primera Guerra Mundial?,Tratado de Versalles
¿En qué año se firmó el Tratado de Versalles?,1919
¿Qué país fue culpado por la Primera Guerra Mundial en el tratado?,Alemania
¿Qué cláusula culpó a Alemania por la guerra?,Cláusula de Culpa de Guerra
¿Qué penalizaciones enfrentó Alemania?,Reparaciones, pérdida de territorio, límites militares
¿Qué territorio perdió Alemania ante Francia?,Alsacia-Lorena
¿Qué pasó con las colonias alemanas?,Tomadas por las potencias aliadas
¿Cómo veían los alemanes el Tratado de Versalles?,Severo y humillante
¿Qué nuevos países se crearon después de la Primera Guerra Mundial?,Polonia, Checoslovaquia, Yugoslavia
¿Qué era el nacionalismo?,Fuerte orgullo por la propia nación
¿Cómo contribuyó el nacionalismo a la Primera Guerra Mundial?,Aumentó tensiones y rivalidades
¿Qué era el militarismo?,Construcción de fuerzas armadas
¿Qué era el imperialismo?,Competencia por colonias
¿Qué sistema de alianzas aumentó las tensiones?,Alianzas enredadas
¿Qué acrónimo explica las causas de la Primera Guerra Mundial?,M.A.I.N.
¿Qué significa M en MAIN?,Militarismo
¿Qué significa A en MAIN?,Alianzas
¿Qué significa I en MAIN?,Imperialismo
¿Qué significa N en MAIN?,Nacionalismo
¿Cómo era la vida en las trincheras?,Barro, enfermedades, ratas y bombardeos
¿Qué era el shock de guerra?,Trauma psicológico del combate
¿Qué avances médicos ocurrieron en la Primera Guerra Mundial?,Cirugía plástica, transfusiones de sangre
¿Qué papel desempeñaron las mujeres en la Primera Guerra Mundial?,Fábricas, enfermeras y funciones de apoyo
¿Cómo cambió la Primera Guerra Mundial la guerra?,Introdujo la guerra industrial moderna
¿Cuántos soldados murieron en la Primera Guerra Mundial?,Cerca de 9 millones
¿Cuántos civiles murieron en la Primera Guerra Mundial?,Cerca de 7 millones
¿Por qué se llama a la Primera Guerra Mundial una guerra total?,Sociedades enteras fueron movilizadas
¿Para qué se usó la propaganda?,Apoyar el esfuerzo de guerra
¿Qué terminó con la monarquía alemana?,Revolución Alemana de 1918
¿Cuál era el objetivo de la Liga de las Naciones?,Prevenir guerras futuras
¿Por qué fracasó la Liga de las Naciones?,Falta de aplicación y ausencia de EE.UU.
¿Cómo contribuyó la Primera Guerra Mundial a la Segunda Guerra Mundial?,Tensiones no resueltas y resentimiento
